Full Name,Date of Birth_x,Gender_x,Identity Number,Residential Address_x,Postal Address_x,Email Address_x,Contact Number_x,Citizenship Status,Previous Academic Qualifications_x,School Attended_x,Program of Interest,Language Proficiency,Identity Document,Academic Transcripts,Application Fee Payment,Resume,Letters of Recommendation,Financial Proof,Portfolio,Medical Clearance,Date of Birth_y,Gender_y,Residential Address_y,Postal Address_y,Email Address_y,Contact Number_y,South African Citizenship,Refugee Status,Previous Academic Qualifications_y,School Attended_y,University/College,Household Income,Family Members' Income,Number of Dependents,Applicant's Employment Status,Employer Details,Bank Name,Branch,Account Number,Disability Status
Jane Smith,1998-08-23,Female,9808232345065,456 Oak Avenue,,jane@email.com,987-654-3210,South African Citizen,Matric (2016),Suburb High School,Bachelor of Commerce (Finance),,ID_9808232345065.jpg,Transcripts_9808232345065.pdf,,Resume_JaneSmith.pdf,Recommendation1_JaneSmith.pdf;Recommendation2_JaneSmith.pdf,BankStatements_JaneSmith.pdf,ArtPortfolio_JaneSmith.pdf,,1998-08-23,Female,456 Oak Avenue,,jane@email.com,987-654-3210,South African Citizen,,Matric (2016),City High School,College DEF,18000,25000,3,Unemployed,,Second Bank,Hillside Branch,9876543210,No
David Johnson,1997-03-10,Male,9703105678098,789 Elm Road,,david@email.com,555-555-5555,South African Citizen,Matric (2014),River High School,Bachelor of Arts (History),,ID_9703105678098.jpg,Transcripts_9703105678098.pdf,PaymentReceipt_9703105678098.pdf,Resume_DavidJohnson.pdf,Recommendation1_DavidJohnson.pdf;Recommendation2_DavidJohnson.pdf,BankStatements_DavidJohnson.pdf,,MedicalClearance_DavidJohnson.pdf,1997-03-10,Male,789 Elm Road,,david@email.com,555-555-5555,South African Citizen,,Matric (2014),Suburb High School,University GHI,30000,45000,5,Employed,Company ABC,Third Bank,West End Branch,5555555555,Yes
Sarah Lee,1999-11-05,Female,9911057890123,101 Pine Street,,sarah@email.com,777-888-9999,South African Citizen,Matric (2017),Forest High School,Bachelor of Business Administration (Marketing),,ID_9911057890123.jpg,Transcripts_9911057890123.pdf,,Resume_SarahLee.pdf,Recommendation1_SarahLee.pdf;Recommendation2_SarahLee.pdf,BankStatements_SarahLee.pdf,ArtPortfolio_SarahLee.pdf,,1999-11-05,Female,101 Pine Street,,sarah@email.com,777-888-9999,South African Citizen,,Matric (2017),Forest High School,College JKL,20000,30000,2,Unemployed,,Fourth Bank,Central Branch,7778889999,No
Michael Brown,1996-09-20,Male,9609203456012,222 Maple Lane,,michael@email.com,111-222-3333,South African Citizen,Matric (2015),Highland High School,Bachelor of Engineering (Mechanical),,ID_9609203456012.jpg,Transcripts_9609203456012.pdf,PaymentReceipt_9609203456012.pdf,Resume_MichaelBrown.pdf,Recommendation1_MichaelBrown.pdf;Recommendation2_MichaelBrown.pdf,BankStatements_MichaelBrown.pdf,,MedicalClearance_MichaelBrown.pdf,1996-09-20,Male,222 Maple Lane,,michael@email.com,111-222-3333,South African Citizen,,Matric (2015),River High School,University MNO,28000,40000,4,Employed,Company DEF,Fifth Bank,Downtown Branch,1112223333,Yes
Linda Wilson,1997-07-15,Female,9707154567011,333 Cedar Drive,,linda@email.com,999-111-2222,South African Citizen,Matric (2014),Hillside High School,Bachelor of Arts (English Literature),,ID_9707154567011.jpg,Transcripts_9707154567011.pdf,,Resume_LindaWilson.pdf,Recommendation1_LindaWilson.pdf;Recommendation2_LindaWilson.pdf,BankStatements_LindaWilson.pdf,,MedicalClearance_LindaWilson.pdf,1997-07-15,Female,333 Cedar Drive,,linda@email.com,999-111-2222,South African Citizen,,Matric (2014),Park High School,College PQR,22000,32000,3,Unemployed,,Sixth Bank,Eastside Branch,9991112222,No
James Kim,2000-01-30,Male,1301234098,444 Redwood Street,,james@email.com,444-333-2222,South African Citizen,Matric (2018),Mountain High School,Bachelor of Science (Biology),,ID_0001301234098.jpg,Transcripts_0001301234098.pdf,PaymentReceipt_0001301234098.pdf,Resume_JamesKim.pdf,Recommendation1_JamesKim.pdf;Recommendation2_JamesKim.pdf,BankStatements_JamesKim.pdf,,MedicalClearance_JamesKim.pdf,2000-01-30,Male,444 Redwood Street,,james@email.com,444-333-2222,South African Citizen,,Matric (2018),Mountain High School,University STU,26000,38000,4,Unemployed,,Seventh Bank,Westside Branch,4443332222,Yes
Emily Davis,1998-06-12,Female,9806122345019,555 Oak Avenue,PO Box 1234,emily@email.com,555-123-7890,South African Citizen,Matric (2016),City High School,Bachelor of Fine Arts (Painting),,ID_9806122345019.jpg,Transcripts_9806122345019.pdf,,Resume_EmilyDavis.pdf,Recommendation1_EmilyDavis.pdf;Recommendation2_EmilyDavis.pdf,BankStatements_EmilyDavis.pdf,ArtPortfolio_EmilyDavis.pdf,,1998-06-12,Female,555 Oak Avenue,PO Box 1234,emily@email.com,555-123-7890,South African Citizen,,Matric (2016),City High School,College VWX,19000,27000,2,Employed,Company GHI,Eighth Bank,South End Branch,5551237890,No
Robert Evans,1996-02-25,Male,9602255678123,666 Birch Lane,,robert@email.com,666-999-4444,South African Citizen,Matric (2015),River High School,Bachelor of Commerce (Accounting),,ID_9602255678123.jpg,Transcripts_9602255678123.pdf,PaymentReceipt_9602255678123.pdf,Resume_RobertEvans.pdf,Recommendation1_RobertEvans.pdf;Recommendation2_RobertEvans.pdf,BankStatements_RobertEvans.pdf,,MedicalClearance_RobertEvans.pdf,1996-02-25,Male,666 Birch Lane,,robert@email.com,666-999-4444,South African Citizen,,Matric (2015),Hillside High School,University YZ,32000,50000,5,Unemployed,,Ninth Bank,North End Branch,6669994444,Yes
